[
    {
        "grupo": "Administração / Adm. Hoteleira",
        "curso": "Diretrizes Curriculares Nacionais dos cursos de graduação em Direito, Ciências Econômicas, Administração, Ciências Contábeis, Turismo, Hotelaria, Secretariado Executivo, Música, Dança, Teatro e Design.",
        "resolucao": "Parecer CNE/CES nº 146/2002, aprovado em 3 de abril de 2002",
        "links": [
            "http://portal.mec.gov.br/index.php?option=com_docman&view=download&alias=139531-pces146-02&category_slug=fevereiro-2020-pdf&Itemid=30192",
            "http://portal.mec.gov.br/cne/arquivos/pdf/ces-0134.pdf",
            "http://portal.mec.gov.br/cne/arquivos/pdf/rces01_04.pdf",
            "http://portal.mec.gov.br/cne/arquivos/pdf/pces110_04.pdf",
            "http://portal.mec.gov.br/cne/arquivos/pdf/pces188_04.pdf",
            "http://portal.mec.gov.br/cne/arquivos/pdf/2005/ces_23_2005.pdf",
            "http://portal.mec.gov.br/index.php?option=com_docman&view=download&alias=213451-rces004-05&category_slug=outubro-2021-pdf&Itemid=30192",
            "http://portal.mec.gov.br/cne/arquivos/pdf/pces223_06.pdf",
            "http://portal.mec.gov.br/index.php?option=com_docman&task=doc_download&gid=12840&Itemid=",
            "http://portal.mec.gov.br/index.php?option=com_docman&view=download&alias=154111-pces438-20-1&category_slug=agosto-2020-pdf&Itemid=30192",
            "http://portal.mec.gov.br/index.php?option=com_docman&view=download&alias=212931-rces005-21&category_slug=outubro-2021-pdf&Itemid=30192"
        ]
    },
    {
        "grupo": "Administração Pública",
        "curso": "Diretrizes Curriculares Nacionais para o curso de graduação em Administração Pública.",
        "resolucao": "Parecer CNE/CES nº 266/2010, aprovado em10 de dezembro de 2010",
        "links": [
            "http://portal.mec.gov.br/index.php?option=com_docman&task=doc_download&gid=9374&Itemid=",
            "http://portal.mec.gov.br/index.php?option=com_docman&task=doc_download&gid=14410&Itemid=",
            "http://portal.mec.gov.br/index.php?option=com_docman&task=doc_download&gid=14957&Itemid="
        ]
    },
    {
        "grupo": "Agronomia/Engenharia Agronômica",
        "curso": "Aprova as Diretrizes Curriculares Nacionais para o Curso de Graduação em Engenharia Agronômica ou Agronomia.",
        "resolucao": "Parecer CNE/CES nº 306/2004, aprovado em 7 de outubro de 2004",
        "links": [
            "http://portal.mec.gov.br/cne/arquivos/pdf/pces306_04.pdf",
            "http://portal.mec.gov.br/cne/arquivos/pdf/rces01_06.pdf"
        ]
    },
    {
        "grupo": "Arquitetura e Urbanismo",
        "curso": "Diretrizes Curriculares Nacionais do Curso de Graduação em Arquitetura e Urbanismo.",
        "resolucao": "Parecer CNE/CES nº 112/2005, aprovado em 06 de abril de 2005",
        "links": [
            "http://portal.mec.gov.br/cne/arquivos/pdf/pces0112_05.pdf",
            "http://portal.mec.gov.br/index.php?option=com_docman&task=doc_download&gid=5649&Itemid=",
            "http://portal.mec.gov.br/dmdocuments/pces255_09.pdf",
            "http://portal.mec.gov.br/index.php?option=com_docman&task=doc_download&gid=5651&Itemid=",
            "http://portal.mec.gov.br/index.php?option=com_docman&view=download&alias=116411-pces388-19&category_slug=junho-2019&Itemid=30192",
            "http://portal.mec.gov.br/index.php?option=com_docman&view=download&alias=128041-pces948-19&category_slug=outubro-2019&Itemid=30192",
            "http://portal.mec.gov.br/index.php?option=com_docman&view=download&alias=175301-rces001-21&category_slug=marco-2021-pdf&Itemid=30192"
        ]
    },
    {
        "grupo": "Arquivologia",
        "curso": "Aprova as Diretrizes Curriculares Nacionais dos cursos de Arquivologia, Biblioteconomia, Ciências Sociais Antropologia, Ciência Política e Sociologia, Comunicação Social, Filosofia, Geografia, História, Letras, Museologia e Serviço Social.",
        "resolucao": "Parecer CNE/CES nº 492/2001, aprovado em 3 de abril de 2001",
        "links": [
            "http://portal.mec.gov.br/cne/arquivos/pdf/CES0492.pdf",
            "http://portal.mec.gov.br/cne/arquivos/pdf/2001/pces1363_01.pdf",
            "http://portal.mec.gov.br/cne/arquivos/pdf/CES202002.pdf"
        ]
    },
    {
        "grupo": "Artes Visuais",
        "curso": "Diretrizes Curriculares Nacionais do Curso de Graduação em Artes Visuais, bacharelado e licenciatura.",
        "resolucao": "Parecer CNE/CES nº 280/2007, aprovado em 6 de dezembro de 2007",
        "links": [
            "http://portal.mec.gov.br/cne/arquivos/pdf/2007/pces280_07.pdf",
            "http://portal.mec.gov.br/cne/arquivos/pdf/2009/rces001_09.pdf"
        ]
    },
    {
        "grupo": "Biblioteconomia",
        "curso": "Aprova as Diretrizes Curriculares Nacionais dos cursos de Arquivologia, Biblioteconomia, Ciências Sociais Antropologia, Ciência Política e Sociologia, Comunicação Social, Filosofia, Geografia, História, Letras, Museologia e Serviço Social.",
        "resolucao": "Parecer CNE/CES nº 492/2001, aprovado em 3 de abril de 2001",
        "links": [
            "http://portal.mec.gov.br/cne/arquivos/pdf/CES0492.pdf",
            "http://portal.mec.gov.br/cne/arquivos/pdf/2001/pces1363_01.pdf",
            "http://portal.mec.gov.br/cne/arquivos/pdf/CES192002.pdf"
        ]
    },
    {
        "grupo": "Biomedicina",
        "curso": "Aprova as Diretrizes Curriculares Nacionais do Curso de Graduação em Biomedicina.",
        "resolucao": "Parecer CNE/CES nº 104/2002, aprovado em 13 de março de 2002",
        "links": [
            "http://portal.mec.gov.br/cne/arquivos/pdf/CES0104.pdf",
            "http://portal.mec.gov.br/cne/arquivos/pdf/ces022003.pdf"
        ]
    },
    {
        "grupo": "Ciências Aeronáuticas",
        "curso": "Diretrizes Curriculares Nacionais para os cursos de graduação em Ciências Aeronáuticas, bacharelado.",
        "resolucao": "Parecer CNE/CES nº 225/2012, aprovado em 5 de junho de 2012",
        "links": [
            "http://portal.mec.gov.br/index.php?option=com_docman&task=doc_download&gid=11635&Itemid=",
            "http://portal.mec.gov.br/index.php?option=com_docman&view=download&alias=75101-pces464-17-pdf&category_slug=outubro-2017-pdf&Itemid=30192",
            "http://portal.mec.gov.br/index.php?option=com_docman&view=download&alias=90951-rces003-18&category_slug=julho-2018-pdf&Itemid=30192"
        ]
    },
    {
        "grupo": "Ciências da Religião",
        "curso": "Diretrizes Curriculares Nacionais para os cursos de licenciatura em Ciências da Religião.",
        "resolucao": "Parecer CNE/CP nº 12/2018, aprovado em 2 de outubro de 2018",
        "links": [
            "http://portal.mec.gov.br/index.php?option=com_docman&view=download&alias=99971-pcp012-18&category_slug=outubro-2018-pdf-1&Itemid=30192",
            "http://portal.mec.gov.br/index.php?option=com_docman&view=download&alias=105531-rcp005-18&category_slug=janeiro-2019-pdf&Itemid=30192"
        ]
    },
    {
        "grupo": "Ciências Biológicas ",
        "curso": "Aprova as Diretrizes Curriculares Nacionais do curso de graduação em Ciências Biológicas (Bacharelado e Licenciatura)",
        "resolucao": "Parecer CNE/CES nº 1.301/2001, aprovado em 6 de novembro de 2001",
        "links": [
            "http://portal.mec.gov.br/cne/arquivos/pdf/CES1301.pdf",
            "http://portal.mec.gov.br/cne/arquivos/pdf/CES07-2002.pdf"
        ]
    },
    {
        "grupo": "Ciência da Computação ",
        "curso": "Diretrizes Curriculares Nacionais para os cursos de graduação em Computação.",
        "resolucao": "Parecer CNE/CES nº 136/2012, aprovado em 8 de março de 2012",
        "links": [
            "http://portal.mec.gov.br/index.php?option=com_docman&task=doc_download&gid=11205&Itemid=",
            "http://portal.mec.gov.br/index.php?option=com_docman&view=download&alias=52101-rces005-16-pdf&category_slug=novembro-2016-pdf&Itemid=30192"
        ]
    },
    {
        "grupo": "Ciências Contábeis",
        "curso": "Diretrizes Curriculares Nacionais dos cursos de graduação em Direito, Ciências Econômicas, Administração, Ciências Contábeis, Turismo, Hotelaria, Secretariado Executivo, Música, Dança, Teatro e Design.",
        "resolucao": "Parecer CNE/CES nº 146/2002, aprovado em 3 de abril de 2002",
        "links": [
            "http://portal.mec.gov.br/index.php?option=com_docman&view=download&alias=139531-pces146-02&category_slug=fevereiro-2020-pdf&Itemid=30192",
            "http://portal.mec.gov.br/cne/arquivos/pdf/2003/pces289_03.pdf",
            "http://portal.mec.gov.br/cne/arquivos/pdf/pces269_04.pdf",
            "http://portal.mec.gov.br/cne/arquivos/pdf/rces06_04.pdf",
            "http://portal.mec.gov.br/cne/arquivos/pdf/rces10_04.pdf"
        ]
    },
    {
        "grupo": "Ciências Econômicas",
        "curso": "Diretrizes Curriculares Nacionais dos cursos de graduação em Direito, Ciências Econômicas, Administração, Ciências Contábeis, Turismo, Hotelaria, Secretariado Executivo, Música, Dança, Teatro e Design.",
        "resolucao": "Parecer CNE/CES nº 146/2002, aprovado em 3 de abril de 2002",
        "links": [
            "http://portal.mec.gov.br/index.php?option=com_docman&view=download&alias=139531-pces146-02&category_slug=fevereiro-2020-pdf&Itemid=30192",
            "http://portal.mec.gov.br/cne/arquivos/pdf/pces0054_04.pdf",
            "http://portal.mec.gov.br/cne/arquivos/pdf/pces0380_05.pdf",
            "http://portal.mec.gov.br/cne/arquivos/pdf/2006/rces007_06.pdf",
            "http://portal.mec.gov.br/cne/arquivos/pdf/2007/pces095_07.pdf",
            "http://portal.mec.gov.br/cne/arquivos/pdf/2007/rces004_07.pdf"
        ]
    },
    {
        "grupo": "Ciências Sociais Antropologia, Ciência Política e Sociologia",
        "curso": "Aprova as Diretrizes Curriculares Nacionais dos cursos de Arquivologia, Biblioteconomia, Ciências Sociais Antropologia, Ciência Política e Sociologia, Comunicação Social, Filosofia, Geografia, História, Letras, Museologia e Serviço Social.",
        "resolucao": "Parecer CNE/CES nº 492/2001, aprovado em 3 de abril de 2001",
        "links": [
            "http://portal.mec.gov.br/cne/arquivos/pdf/CES0492.pdf",
            "http://portal.mec.gov.br/cne/arquivos/pdf/2001/pces1363_01.pdf",
            "http://portal.mec.gov.br/cne/arquivos/pdf/CES172002.pdf",
            "http://portal.mec.gov.br/cne/arquivos/pdf/pces224_04.pdf"
        ]
    },
    {
        "grupo": "Cinema e Audiovisual",
        "curso": "Proposta de Diretrizes Curriculares para os Cursos Superiores de Cinema e Audiovisual.",
        "resolucao": "Parecer CNE/CES nº 44/2006, aprovado em 21 de fevereiro de 2006",
        "links": [
            "http://portal.mec.gov.br/cne/arquivos/pdf/pces044_06.pdf",
            "http://portal.mec.gov.br/cne/arquivos/pdf/rces10_06.pdf"
        ]
    },
    {
        "grupo": "Computação",
        "curso": "Diretrizes Curriculares Nacionais para os cursos de graduação em Computação.",
        "resolucao": "Parecer CNE/CES nº 136/2012, aprovado em 9 de março de 2012",
        "links": [
            "http://portal.mec.gov.br/index.php?option=com_docman&task=doc_download&gid=11205&Itemid=",
            "http://portal.mec.gov.br/index.php?option=com_docman&view=download&alias=52101-rces005-16-pdf&category_slug=novembro-2016-pdf&Itemid=30192"
        ]
    },
    {
        "grupo": "Computação (licenciatura)",
        "curso": "Diretrizes Curriculares Nacionais para os cursos de graduação em Computação.",
        "resolucao": "Parecer CNE/CES nº 136/2012, aprovado em 8 de março de 2012",
        "links": [
            "http://portal.mec.gov.br/index.php?option=com_docman&task=doc_download&gid=11205&Itemid=",
            "http://portal.mec.gov.br/index.php?option=com_docman&view=download&alias=52101-rces005-16-pdf&category_slug=novembro-2016-pdf&Itemid=30192"
        ]
    },
    {
        "grupo": "Comunicação Social",
        "curso": "Aprova as Diretrizes Curriculares Nacionais dos cursos de Arquivologia, Biblioteconomia, Ciências Sociais Antropologia, Ciência Política e Sociologia, Comunicação Social, Filosofia, Geografia, História, Letras, Museologia e Serviço Social.",
        "resolucao": "Parecer CNE/CES nº 492/2001, aprovado em 3 de abril de 2001",
        "links": [
            "http://portal.mec.gov.br/cne/arquivos/pdf/CES0492.pdf",
            "http://portal.mec.gov.br/cne/arquivos/pdf/2001/pces1363_01.pdf",
            "http://portal.mec.gov.br/cne/arquivos/pdf/CES162002.pdf"
        ]
    },
    {
        "grupo": "Dança",
        "curso": "Diretrizes Curriculares Nacionais dos cursos de graduação em Direito, Ciências Econômicas, Administração, Ciências Contábeis, Turismo, Hotelaria, Secretariado Executivo, Música, Dança, Teatro e Design.",
        "resolucao": "Parecer CNE/CES nº 146/2002, aprovado em 3 de abril de 2002",
        "links": [
            "http://portal.mec.gov.br/index.php?option=com_docman&view=download&alias=139531-pces146-02&category_slug=fevereiro-2020-pdf&Itemid=30192",
            "http://portal.mec.gov.br/cne/arquivos/pdf/2003/pces195_03.pdf",
            "http://portal.mec.gov.br/cne/arquivos/pdf/CES03-04.pdf"
        ]
    },
    {
        "grupo": "Design",
        "curso": "Diretrizes Curriculares Nacionais dos cursos de graduação em Direito, Ciências Econômicas, Administração, Ciências Contábeis, Turismo, Hotelaria, Secretariado Executivo, Música, Dança, Teatro e Design.",
        "resolucao": "Parecer CNE/CES nº 146/2002, aprovado em 3 de abril de 2002",
        "links": [
            "http://portal.mec.gov.br/index.php?option=com_docman&view=download&alias=139531-pces146-02&category_slug=fevereiro-2020-pdf&Itemid=30192",
            "http://portal.mec.gov.br/cne/arquivos/pdf/2003/pces195_03.pdf",
            "http://portal.mec.gov.br/cne/arquivos/pdf/rces05_04.pdf"
        ]
    },
    {
        "grupo": "Direito",
        "curso": "Diretrizes Curriculares Nacionais dos cursos de graduação em Direito, Ciências Econômicas, Administração, Ciências Contábeis, Turismo, Hotelaria, Secretariado Executivo, Música, Dança, Teatro e Design.",
        "resolucao": "Parecer CNE/CES nº 146/2002, aprovado em 3 de abril de 2002",
        "links": [
            "http://portal.mec.gov.br/index.php?option=com_docman&view=download&alias=139531-pces146-02&category_slug=fevereiro-2020-pdf&Itemid=30192",
            "http://portal.mec.gov.br/cne/arquivos/pdf/2003/pces067_03.pdf",
            "http://portal.mec.gov.br/cne/arquivos/pdf/2004/ces0055_2004.pdf",
            "http://portal.mec.gov.br/cne/arquivos/pdf/2004/CES0211_2004.pdf",
            "http://portal.mec.gov.br/index.php?option=com_docman&view=download&alias=139041-rces009-04&category_slug=janeiro-2020&Itemid=30192",
            "http://portal.mec.gov.br/dmdocuments/pces236_09_homolog.pdf",
            "http://portal.mec.gov.br/index.php?option=com_docman&task=doc_download&gid=9409&Itemid=",
            "http://portal.mec.gov.br/index.php?option=com_docman&task=doc_download&gid=14036&Itemid=",
            "http://portal.mec.gov.br/index.php?option=com_docman&view=download&alias=68081-rces003-17-pdf&category_slug=julho-2017-pdf&Itemid=30192",
            "http://portal.mec.gov.br/index.php?option=com_docman&view=download&alias=100131-pces635-18&category_slug=outubro-2018-pdf-1&Itemid=30192",
            "http://portal.mec.gov.br/index.php?option=com_docman&view=download&alias=104111-rces005-18&category_slug=dezembro-2018-pdf&Itemid=30192",
            "http://portal.mec.gov.br/index.php?option=com_docman&view=download&alias=170191-pces757-20&category_slug=janeiro-2021-pdf&Itemid=30192",
            "http://portal.mec.gov.br/index.php?option=com_docman&view=download&alias=181301-rces002-21&category_slug=abril-2021-pdf&Itemid=30192"
        ]
    },
    {
        "grupo": "Economia Domêstica",
        "curso": "Diretrizes Curriculares Nacionais para o curso de graduação em Economia Doméstica.",
        "resolucao": "Parecer CNE/CES nº 162/2010, aprovado em 5 de agosto de 2010",
        "links": [
            "http://portal.mec.gov.br/index.php?option=com_docman&task=doc_download&gid=6830&Itemid=",
            "http://portal.mec.gov.br/index.php?option=com_docman&task=doc_download&gid=9992&Itemid="
        ]
    },
    {
        "grupo": "Educação Física",
        "curso": "Diretrizes Curriculares Nacionais do Curso de Graduação em Educação Física.",
        "resolucao": "Parecer CNE/CES nº 138/2002, aprovado em 3 de abril de 2002",
        "links": [
            "http://portal.mec.gov.br/cne/arquivos/pdf/2002/pces138_02.pdf",
            "http://portal.mec.gov.br/cne/arquivos/pdf/2007/pces058_04.pdf",
            "http://portal.mec.gov.br/index.php?option=com_docman&view=download&alias=139051-rces007-04&category_slug=janeiro-2020&Itemid=30192",
            "http://portal.mec.gov.br/cne/arquivos/pdf/pces0400_05.pdf",
            "http://portal.mec.gov.br/cne/arquivos/pdf/2007/pces142_07.pdf",
            "http://portal.mec.gov.br/index.php?option=com_docman&view=download&alias=139031-rces007-07&category_slug=janeiro-2020&Itemid=30192",
            "http://portal.mec.gov.br/index.php?option=com_docman&task=doc_download&gid=7917&Itemid=",
            "http://portal.mec.gov.br/index.php?option=com_docman&task=doc_download&gid=8772&Itemid=",
            "http://portal.mec.gov.br/index.php?option=com_docman&task=doc_download&gid=11551&Itemid=",
            "http://portal.mec.gov.br/index.php?option=com_docman&view=download&alias=99961-pces584-18&category_slug=outubro-2018-pdf-1&Itemid=30192",
            "http://portal.mec.gov.br/index.php?option=com_docman&view=download&alias=104241-rces006-18&category_slug=dezembro-2018-pdf&Itemid=30192",
            "http://portal.mec.gov.br/index.php?option=com_docman&view=download&alias=150251-pces283-20&category_slug=julho-2020-pdf&Itemid=30192"
        ]
    },
    {
        "grupo": "Enfermagem",
        "curso": "Diretrizes Curriculares Nacionais dos Cursos de Graduação em Enfermagem, Medicina e Nutrição.",
        "resolucao": "Parecer CNE/CES nº 1.133/2001, aprovado em 7 de agosto de 2001",
        "links": [
            "http://portal.mec.gov.br/dmdocuments/ces1133.pdf",
            "http://portal.mec.gov.br/cne/arquivos/pdf/CES03.pdf",
            "http://portal.mec.gov.br/cne/arquivos/pdf/2007/pces033_07.pdf",
            "http://portal.mec.gov.br/index.php?option=com_docman&task=doc_download&gid=2128&Itemid="
        ]
    },
    {
        "grupo": "Engenharia",
        "curso": "Diretrizes Curriculares Nacionais dos Cursos de Engenharia.",
        "resolucao": "Parecer CNE/CES nº 1.362/2001, aprovado em 12 de dezembro de 2001",
        "links": [
            "http://portal.mec.gov.br/cne/arquivos/pdf/CES1362.pdf",
            "http://portal.mec.gov.br/index.php?option=com_docman&view=download&alias=15766-rces011-02&category_slug=junho-2014-pdf&Itemid=30192",
            "http://portal.mec.gov.br/cne/arquivos/pdf/2008/pces153_08.pdf",
            "http://portal.mec.gov.br/index.php?option=com_docman&task=doc_download&gid=11050&Itemid=",
            "http://portal.mec.gov.br/index.php?option=com_docman&view=download&alias=109871-pces001-19-1&category_slug=marco-2019-pdf&Itemid=30192",
            "http://portal.mec.gov.br/index.php?option=com_docman&view=download&alias=113401-pces227-19&category_slug=maio-2019-pdf&Itemid=30192",
            "http://portal.mec.gov.br/index.php?option=com_docman&view=download&alias=112681-rces002-19&category_slug=abril-2019-pdf&Itemid=30192",
            "http://portal.mec.gov.br/index.php?option=com_docman&view=download&alias=128041-pces948-19&category_slug=outubro-2019&Itemid=30192",
            "http://portal.mec.gov.br/index.php?option=com_docman&view=download&alias=175301-rces001-21&category_slug=marco-2021-pdf&Itemid=30192"
        ]
    },
    {
        "grupo": "Engenharia Agrícola",
        "curso": "Diretrizes Curriculares Nacionais do curso de Engenharia Agrícola.",
        "resolucao": "Parecer CNE/CES nº 307/2004, aprovado em 7 de outubro de 2004",
        "links": [
            "http://portal.mec.gov.br/cne/arquivos/pdf/pces307_04.pdf",
            "http://portal.mec.gov.br/cne/arquivos/pdf/rces02_06.pdf",
            "http://portal.mec.gov.br/index.php?option=com_docman&view=download&alias=116401-pces387-19&category_slug=junho-2019&Itemid=30192"
        ]
    },
    {
        "grupo": "Engenharia de Computação",
        "curso": "Diretrizes Curriculares Nacionais para os cursos de graduação em Computação.",
        "resolucao": "Parecer CNE/CES nº 136/2012, aprovado em 8 de março de 2012",
        "links": [
            "http://portal.mec.gov.br/index.php?option=com_docman&task=doc_download&gid=11205&Itemid=",
            "http://portal.mec.gov.br/index.php?option=com_docman&view=download&alias=52101-rces005-16-pdf&category_slug=novembro-2016-pdf&Itemid=30192"
        ]
    },
    {
        "grupo": "Engenharia de Pesca",
        "curso": "Diretrizes Curriculares Nacionais do curso de Engenharia de Pesca.",
        "resolucao": "Parecer CNE/CES nº 338/2004, aprovado em 11 de novembro de 2004",
        "links": [
            "http://portal.mec.gov.br/cne/arquivos/pdf/2004/pces338_04.pdf",
            "http://portal.mec.gov.br/cne/arquivos/pdf/rces05_06.pdf"
        ]
    },
    {
        "grupo": "Engenharia de Software",
        "curso": "Diretrizes Curriculares Nacionais para os cursos de graduação em Computação.",
        "resolucao": "Parecer CNE/CES nº 136/2012, aprovado em 8 de março de 2012",
        "links": [
            "http://portal.mec.gov.br/index.php?option=com_docman&task=doc_download&gid=11205&Itemid=",
            "http://portal.mec.gov.br/index.php?option=com_docman&view=download&alias=52101-rces005-16-pdf&category_slug=novembro-2016-pdf&Itemid=30192"
        ]
    },
    {
        "grupo": "Engenharia Florestal",
        "curso": "Diretrizes Curriculares Nacionais do curso de Engenharia Florestal.",
        "resolucao": "Parecer CNE/CES nº 308/2004, aprovado em 7 de outubro de 2004",
        "links": [
            "http://portal.mec.gov.br/cne/arquivos/pdf/pces308_04.pdf",
            "http://portal.mec.gov.br/cne/arquivos/pdf/rces03_06.pdf"
        ]
    },
    {
        "grupo": "Estatística",
        "curso": "Diretrizes Curriculares Nacionais para o curso de graduação em Estatística.",
        "resolucao": "Parecer CNE/CES nº 214/2008, aprovado em 9 de outubro de 2008",
        "links": [
            "http://portal.mec.gov.br/cne/arquivos/pdf/2008/pces214_08.pdf",
            "http://portal.mec.gov.br/cne/arquivos/pdf/2008/rces008_08.pdf"
        ]
    },
    {
        "grupo": "Farmácia",
        "curso": "Diretrizes Curriculares Nacionais dos Cursos de Graduação em Farmácia e Odontologia.",
        "resolucao": "Parecer CNE/CES nº 1.300/2001, aprovado em 6 de novembro de 2001",
        "links": [
            "http://portal.mec.gov.br/cne/arquivos/pdf/CES1300.pdf",
            "http://portal.mec.gov.br/index.php?option=com_docman&view=download&alias=75861-rces002-02-pdf&category_slug=novembro-2017-pdf&Itemid=30192",
            "http://portal.mec.gov.br/cne/arquivos/pdf/pces223_04.pdf",
            "http://portal.mec.gov.br/cne/arquivos/pdf/pces221_05.pdf",
            "http://portal.mec.gov.br/index.php?option=com_docman&view=download&alias=70251-pces248-17-pdf&category_slug=agosto-2017-pdf&Itemid=30192",
            "http://portal.mec.gov.br/index.php?option=com_docman&view=download&alias=74371-rces006-17-pdf&category_slug=outubro-2017-pdf&Itemid=30192"
        ]
    },
    {
        "grupo": "Filosofia",
        "curso": "Diretrizes Curriculares Nacionais dos cursos de Filosofia, História, Geografia, Serviço Social, Comunicação Social, Ciências Sociais, Letras, Biblioteconomia, Arquivologia e Museologia.",
        "resolucao": "Parecer CNE/CES nº 492/2001, aprovado em 3 de abril de 2001",
        "links": [
            "http://portal.mec.gov.br/cne/arquivos/pdf/CES0492.pdf",
            "http://portal.mec.gov.br/cne/arquivos/pdf/2001/pces1363_01.pdf",
            "http://portal.mec.gov.br/cne/arquivos/pdf/CES122002.pdf"
        ]
    },
    {
        "grupo": "Física",
        "curso": "Diretrizes Nacionais Curriculares para os Cursos de Física.",
        "resolucao": "Parecer CNE/CES nº 1.304/2001, aprovado em 6 de novembro de 2001",
        "links": [
            "http://portal.mec.gov.br/cne/arquivos/pdf/CES1304.pdf",
            "http://portal.mec.gov.br/cne/arquivos/pdf/CES09-2002.pdf",
            "http://portal.mec.gov.br/index.php?option=com_docman&task=doc_download&gid=11357&Itemid="
        ]
    },
    {
        "grupo": "Fisioterapia",
        "curso": "Diretrizes Curriculares Nacionais dos Cursos de Graduação em Fisioterapia, Fonoaudiologia e Terapia Ocupacional.",
        "resolucao": "Parecer CNE/CES nº 1.210/2001, aprovado em 12 de setembro de 2001",
        "links": [
            "http://portal.mec.gov.br/cne/arquivos/pdf/pces1210_01.pdf",
            "http://portal.mec.gov.br/cne/arquivos/pdf/CES042002.pdf"
        ]
    },
    {
        "grupo": "Fonoaudiologia",
        "curso": "Diretrizes Curriculares Nacionais dos Cursos de Graduação em Fisioterapia, Fonoaudiologia e Terapia Ocupacional.",
        "resolucao": "Parecer CNE/CES nº 1.210/2001, aprovado em 12 de setembro de 2001",
        "links": [
            "http://portal.mec.gov.br/cne/arquivos/pdf/pces1210_01.pdf",
            "http://portal.mec.gov.br/cne/arquivos/pdf/CES052002.pdf"
        ]
    },
    {
        "grupo": "Formação de Docentes para a Educação Básica",
        "curso": "Diretrizes Curriculares Nacionais para a Formação de Professores da Educação Básica, em nível superior, curso de licenciatura, de graduação plena.",
        "resolucao": "Parecer CNE/CP nº 9/2001, aprovado em 8 de maio de 2001",
        "links": [
            "http://portal.mec.gov.br/cne/arquivos/pdf/009.pdf",
            "http://portal.mec.gov.br/dmdocuments/cnecp_212001.pdf",
            "http://portal.mec.gov.br/cne/arquivos/pdf/027.pdf",
            "http://portal.mec.gov.br/cne/arquivos/pdf/028.pdf",
            "http://portal.mec.gov.br/index.php?option=com_docman&view=download&alias=159261-rcp001-02&category_slug=outubro-2020-pdf&Itemid=30192",
            "http://portal.mec.gov.br/index.php?option=com_docman&view=download&alias=159251-rcp002-02&category_slug=outubro-2020-pdf&Itemid=30192",
            "http://portal.mec.gov.br/cne/arquivos/pdf/p04.pdf",
            "http://portal.mec.gov.br/cne/arquivos/pdf/pces197_04.pdf",
            "http://portal.mec.gov.br/cne/arquivos/pdf/pces228_04.pdf",
            "http://portal.mec.gov.br/cne/arquivos/pdf/CP022004.pdf",
            "http://portal.mec.gov.br/cne/arquivos/pdf/pces0015_05.pdf",
            "http://portal.mec.gov.br/cne/arquivos/pdf/pcp004_05.pdf",
            "http://portal.mec.gov.br/cne/arquivos/pdf/rcp01_05.pdf",
            "http://portal.mec.gov.br/cne/arquivos/pdf/pcp005_06.pdf",
            "http://portal.mec.gov.br/cne/arquivos/pdf/2007/pcp009_07.pdf",
            "http://portal.mec.gov.br/cne/arquivos/pdf/2008/pcp008_08.pdf",
            "http://portal.mec.gov.br/component/docman/?task=doc_download&gid=12130&Itemid=",
            "http://portal.mec.gov.br/dmdocuments/pcp005_09.pdf",
            "http://portal.mec.gov.br/dmdocuments/pcp007_09.pdf",
            "http://portal.mec.gov.br/dmdocuments/pcp008_09.pdf",
            "http://portal.mec.gov.br/dmdocuments/pcp015_09_homolog.pdf",
            "http://portal.mec.gov.br/index.php?option=com_docman&task=doc_download&gid=7711&Itemid=",
            "http://portal.mec.gov.br/index.php?option=com_docman&task=doc_download&gid=9828&Itemid=",
            "http://portal.mec.gov.br/component/docman/?task=doc_download&gid=12130&Itemid=",
            "http://portal.mec.gov.br/index.php?option=com_docman&task=doc_download&gid=15619&Itemid=",
            "http://portal.mec.gov.br/index.php?option=com_docman&task=doc_download&gid=16870&Itemid=",
            "http://portal.mec.gov.br/index.php?option=com_docman&task=doc_download&gid=17625&Itemid=",
            "http://portal.mec.gov.br/index.php?option=com_docman&task=doc_download&gid=17719&Itemid=",
            "http://portal.mec.gov.br/index.php?option=com_docman&view=download&alias=58511-pces786-16-pdf&category_slug=fevereiro-2017-pdf&Itemid=30192",
            "http://portal.mec.gov.br/index.php?option=com_docman&view=download&alias=65121-pcp010-17-pdf&category_slug=maio-2017-pdf&Itemid=30192",
            "http://portal.mec.gov.br/index.php?option=com_docman&view=download&alias=70141-rcp001-17-pdf&category_slug=agosto-2017-pdf&Itemid=30192",
            "http://portal.mec.gov.br/index.php?option=com_docman&view=download&alias=90811-pcp007-18&category_slug=julho-2018-pdf&Itemid=30192",
            "http://portal.mec.gov.br/index.php?option=com_docman&view=download&alias=98131-rcp003-18&category_slug=outubro-2018-pdf-1&Itemid=30192",
            "http://portal.mec.gov.br/index.php?option=com_docman&view=download&alias=116791-pcp007-19-4&category_slug=julho-2019-pdf&Itemid=30192",
            "http://portal.mec.gov.br/index.php?option=com_docman&view=download&alias=118431-pceb006-19&category_slug=julho-2019-pdf&Itemid=30192",
            "http://portal.mec.gov.br/index.php?option=com_docman&view=download&alias=116731-rcp001-19&category_slug=julho-2019-pdf&Itemid=30192",
            "http://portal.mec.gov.br/index.php?option=com_docman&view=download&alias=133091-pcp022-19-3&category_slug=dezembro-2019-pdf&Itemid=30192",
            "http://portal.mec.gov.br/index.php?option=com_docman&view=download&alias=135951-rcp002-19&category_slug=dezembro-2019-pdf&Itemid=30192",
            "http://portal.mec.gov.br/index.php?option=com_docman&view=download&alias=138961-pces001-20&category_slug=janeiro-2020&Itemid=30192",
            "http://portal.mec.gov.br/index.php?option=com_docman&view=download&alias=153571-pcp014-20&category_slug=agosto-2020-pdf&Itemid=30192",
            "http://portal.mec.gov.br/index.php?option=com_docman&view=download&alias=164841-rcp001-20&category_slug=outubro-2020-pdf&Itemid=30192",
            "http://portal.mec.gov.br/index.php?option=com_docman&view=download&alias=208241-pcp010-21&category_slug=agosto-2021-pdf&Itemid=30192",
            "http://portal.mec.gov.br/index.php?option=com_docman&view=download&alias=233701-pcp015-21&category_slug=dezembro-2021-pdf&Itemid=30192",
            "http://portal.mec.gov.br/index.php?option=com_docman&view=download&alias=233291-pces709-21&category_slug=dezembro-2021-pdf&Itemid=30192"
        ]
    },
    {
        "grupo": "Geografia",
        "curso": "Aprova as Diretrizes Curriculares Nacionais dos cursos de Arquivologia, Biblioteconomia, Ciências Sociais Antropologia, Ciência Política e Sociologia, Comunicação Social, Filosofia, Geografia, História, Letras, Museologia e Serviço Social.",
        "resolucao": "Parecer CNE/CES nº 492/2001, aprovado em 3 de abril de 2001",
        "links": [
            "http://portal.mec.gov.br/cne/arquivos/pdf/CES0492.pdf",
            "http://portal.mec.gov.br/cne/arquivos/pdf/2001/pces1363_01.pdf",
            "http://portal.mec.gov.br/cne/arquivos/pdf/CES142002.pdf"
        ]
    },
    {
        "grupo": "Geologia/Engenharia Geológica",
        "curso": "Proposta de Diretrizes Curriculares Nacionais para o curso de graduação em Geologia e em Engenharia Geológica, bacharelados.",
        "resolucao": "Parecer CNE/CES nº 387/2012, aprovado em 7 de novembro de 2012",
        "links": [
            "http://portal.mec.gov.br/index.php?option=com_docman&task=doc_download&gid=12277&Itemid=",
            "http://portal.mec.gov.br/index.php?option=com_docman&task=doc_download&gid=16871&Itemid=",
            "http://portal.mec.gov.br/index.php?option=com_docman&view=download&alias=31641-parecer-conselho-nacional-de-educacao-ces-413-2015-pdf&category_slug=dezembro-2015-pdf&Itemid=30192"
        ]
    },
    {
        "grupo": "História",
        "curso": "Aprova as Diretrizes Curriculares Nacionais dos cursos de Arquivologia, Biblioteconomia, Ciências Sociais Antropologia, Ciência Política e Sociologia, Comunicação Social, Filosofia, Geografia, História, Letras, Museologia e Serviço Social.",
        "resolucao": "Parecer CNE/CES nº 492/2001, aprovado em 3 de abril de 2001",
        "links": [
            "http://portal.mec.gov.br/cne/arquivos/pdf/CES0492.pdf",
            "http://portal.mec.gov.br/cne/arquivos/pdf/2001/pces1363_01.pdf",
            "http://portal.mec.gov.br/cne/arquivos/pdf/CES132002.pdf"
        ]
    },
    {
        "grupo": "Jornalismo",
        "curso": "Diretrizes Curriculares Nacionais para o Curso de Graduação em Jornalismo.",
        "resolucao": "Parecer CNE/CES nº 39/2013, aprovado em 20 de fevereiro de 2013",
        "links": [
            "http://portal.mec.gov.br/index.php?option=com_docman&task=doc_download&gid=13063&Itemid=",
            "http://portal.mec.gov.br/index.php?option=com_docman&task=doc_download&gid=14242&Itemid="
        ]
    },
    {
        "grupo": "Letras",
        "curso": "Aprova as Diretrizes Curriculares Nacionais dos cursos de Arquivologia, Biblioteconomia, Ciências Sociais Antropologia, Ciência Política e Sociologia, Comunicação Social, Filosofia, Geografia, História, Letras, Museologia e Serviço Social.",
        "resolucao": "Parecer CNE/CES nº 492/2001, aprovado em 3 de abril de 2001",
        "links": [
            "http://portal.mec.gov.br/cne/arquivos/pdf/CES0492.pdf",
            "http://portal.mec.gov.br/cne/arquivos/pdf/2001/pces1363_01.pdf",
            "http://portal.mec.gov.br/cne/arquivos/pdf/CES182002.pdf",
            "http://portal.mec.gov.br/cne/arquivos/pdf/pces223_06.pdf",
            "http://portal.mec.gov.br/cne/arquivos/pdf/2007/pces083_07.pdf",
            "http://portal.mec.gov.br/dmdocuments/pcp005_09.pdf",
            "http://portal.mec.gov.br/index.php?option=com_docman&task=doc_download&gid=7711&Itemid=",
            "http://portal.mec.gov.br/index.php?option=com_docman&task=doc_download&gid=13070&Itemid="
        ]
    },
    {
        "grupo": "Matemática",
        "curso": "Diretrizes Curriculares Nacionais para os Cursos de Matemática, Bacharelado e Licenciatura.",
        "resolucao": "Parecer CNE/CES nº 1.302/2001, aprovado em 6 de novembro de 2001",
        "links": [
            "http://portal.mec.gov.br/cne/arquivos/pdf/CES13022.pdf",
            "http://portal.mec.gov.br/cne/arquivos/pdf/ces032003.pdf"
        ]
    },
    {
        "grupo": "Medicina",
        "curso": "Diretrizes Curriculares Nacionais dos Cursos de Graduação em Enfermagem, Medicina e Nutrição.",
        "resolucao": "Parecer CNE/CES nº 1.133/2001, aprovado em 7 de agosto de 2001",
        "links": [
            "http://portal.mec.gov.br/cne/arquivos/pdf/2001/pces1133_01.pdf",
            "http://portal.mec.gov.br/cne/arquivos/pdf/CES04.pdf",
            "http://portal.mec.gov.br/cne/arquivos/pdf/2007/pces236_07.pdf",
            "http://portal.mec.gov.br/cne/arquivos/pdf/2008/pces241_08.pdf",
            "http://portal.mec.gov.br/index.php?option=com_docman&task=doc_download&gid=11354&Itemid=",
            "http://portal.mec.gov.br/index.php?option=com_docman&task=doc_download&gid=15327&Itemid=",
            "http://portal.mec.gov.br/index.php?option=com_docman&task=doc_download&gid=15514&Itemid=",
            "http://portal.mec.gov.br/index.php?option=com_docman&task=doc_download&gid=15874&Itemid=",
            "http://portal.mec.gov.br/index.php?option=com_docman&view=download&alias=136001-pces863-19&category_slug=dezembro-2019-pdf&Itemid=30192",
            "http://portal.mec.gov.br/index.php?option=com_content&view=article&id=20850"
        ]
    },
    {
        "grupo": "Medicina Veterinária",
        "curso": "Diretrizes Curriculares Nacionais do Curso de Graduação em Medicina Veterinária.",
        "resolucao": "Parecer CNE/CES nº 105/2002, aprovado em 13 de março de 2002",
        "links": [
            "http://portal.mec.gov.br/cne/arquivos/pdf/pces105_02.pdf",
            "http://portal.mec.gov.br/index.php?option=com_docman&view=download&alias=120761-rces001-03&category_slug=agosto-2019-pdf&Itemid=30192",
            "http://portal.mec.gov.br/index.php?option=com_docman&view=download&alias=119471-pces070-19-1&category_slug=agosto-2019-pdf&Itemid=30192",
            "http://portal.mec.gov.br/index.php?option=com_docman&view=download&alias=120701-rces003-19&category_slug=agosto-2019-pdf&Itemid=30192"
        ]
    },
    {
        "grupo": "Meteorologia",
        "curso": "Diretrizes Curriculares Nacionais do curso de graduação em Meteorologia, bacharelado.",
        "resolucao": "Parecer CNE/CES nº 62/2008, aprovado em 13 de março de 2008",
        "links": [
            "http://portal.mec.gov.br/cne/arquivos/pdf/2008/pces062_08.pdf",
            "http://portal.mec.gov.br/cne/arquivos/pdf/2008/rces004_08.pdf"
        ]
    },
    {
        "grupo": "Museologia",
        "curso": "Aprova as Diretrizes Curriculares Nacionais dos cursos de Arquivologia, Biblioteconomia, Ciências Sociais Antropologia, Ciência Política e Sociologia, Comunicação Social, Filosofia, Geografia, História, Letras, Museologia e Serviço Social.",
        "resolucao": "Parecer CNE/CES nº 492/2001, aprovado em 3 de abril de 2001",
        "links": [
            "http://portal.mec.gov.br/cne/arquivos/pdf/CES0492.pdf",
            "http://portal.mec.gov.br/cne/arquivos/pdf/2001/pces1363_01.pdf",
            "http://portal.mec.gov.br/cne/arquivos/pdf/CES212002.pdf"
        ]
    },
    {
        "grupo": "Música",
        "curso": "Diretrizes Curriculares Nacionais dos cursos de graduação em Direito, Ciências Econômicas, Administração, Ciências Contábeis, Turismo, Hotelaria, Secretariado Executivo, Música, Dança, Teatro e Design.",
        "resolucao": "Parecer CNE/CES nº 146/2002, aprovado em 3 de abril de 2002",
        "links": [
            "http://portal.mec.gov.br/index.php?option=com_docman&view=download&alias=139531-pces146-02&category_slug=fevereiro-2020-pdf&Itemid=30192",
            "http://portal.mec.gov.br/cne/arquivos/pdf/CES_0195.pdf",
            "http://portal.mec.gov.br/cne/arquivos/pdf/CES02-04.pdf"
        ]
    },
    {
        "grupo": "Nutrição",
        "curso": "Diretrizes Curriculares Nacionais dos Cursos de Graduação em Enfermagem, Medicina e Nutrição.",
        "resolucao": "Parecer CNE/CES nº 1.133/2001, aprovado em 7 de agosto de 2001",
        "links": [
            "http://portal.mec.gov.br/cne/arquivos/pdf/2001/pces1133_01.pdf",
            "http://portal.mec.gov.br/cne/arquivos/pdf/CES05.pdf"
        ]
    },
    {
        "grupo": "Oceonografia",
        "curso": "Diretrizes Curriculares Nacionais para os cursos de graduação em Oceanografia, bacharelado.",
        "resolucao": "Parecer CNE/CES nº 224/2012, aprovado em 5 de junho de 2012",
        "links": [
            "http://portal.mec.gov.br/index.php?option=com_docman&task=doc_download&gid=11634&Itemid=",
            "http://portal.mec.gov.br/index.php?option=com_docman&view=download&alias=49631-pces335-16-pdf&category_slug=outubro-2016-pdf&Itemid=30192",
            "http://portal.mec.gov.br/index.php?option=com_docman&view=download&alias=90941-rces002-18&category_slug=julho-2018-pdf&Itemid=30192"
        ]
    },
    {
        "grupo": "Odontologia",
        "curso": "Diretrizes Curriculares Nacionais dos Cursos de Graduação em Farmácia e Odontologia.",
        "resolucao": "Parecer CNE/CES nº 1.300/2001, aprovado em 6 de novembro de 2001",
        "links": [
            "http://portal.mec.gov.br/cne/arquivos/pdf/CES1300.pdf",
            "http://portal.mec.gov.br/index.php?option=com_docman&view=download&alias=192671-rces003-02&category_slug=junho-2021-pdf&Itemid=30192",
            "http://portal.mec.gov.br/index.php?option=com_docman&view=download&alias=127951-pces803-18-1&category_slug=outubro-2019&Itemid=30192",
            "http://portal.mec.gov.br/index.php?option=com_docman&view=download&alias=191741-rces003-21&category_slug=junho-2021-pdf&Itemid=30192"
        ]
    },
    {
        "grupo": "Pedagogia",
        "curso": "Diretrizes Curriculares Nacionais para o Curso de Pedagogia.",
        "resolucao": "Parecer CNE/CP nº 5/2005, aprovado em 13 de dezembro de 2005",
        "links": [
            "http://portal.mec.gov.br/cne/arquivos/pdf/pcp05_05.pdf",
            "http://portal.mec.gov.br/cne/arquivos/pdf/pcp003_06.pdf",
            "http://portal.mec.gov.br/cne/arquivos/pdf/rcp01_06.pdf",
            "http://portal.mec.gov.br/cne/arquivos/pdf/pcp003_07.pdf",
            "http://portal.mec.gov.br/dmdocuments/pcp009_09.pdf",
            "http://portal.mec.gov.br/index.php?option=com_docman&view=download&alias=52111-pceb012-16-pdf&category_slug=novembro-2016-pdf&Itemid=30192",
            "http://portal.mec.gov.br/index.php?option=com_docman&view=download&alias=118431-pceb006-19&category_slug=julho-2019-pdf&Itemid=30192",
            "http://portal.mec.gov.br/index.php?option=com_docman&view=download&alias=125831-pces671-19&category_slug=outubro-2019&Itemid=30192"
        ]
    },
    {
        "grupo": "Psicologia",
        "curso": "Diretrizes Curriculares para o Curso de Graduação em Psicologia.",
        "resolucao": "Parecer CNE/CES nº 1.314/2001, aprovado em 7 de novembro de 2001",
        "links": [
            "http://portal.mec.gov.br/cne/arquivos/pdf/CES1314.pdf",
            "http://portal.mec.gov.br/cne/arquivos/pdf/CES0072.pdf",
            "http://portal.mec.gov.br/cne/arquivos/pdf/ces062.pdf",
            "http://portal.mec.gov.br/index.php?option=com_docman&task=doc_download&gid=7690&Itemid=",
            "http://portal.mec.gov.br/cne/arquivos/pdf/2007/pces153_07.pdf",
            "http://portal.mec.gov.br/index.php?option=com_docman&task=doc_download&gid=2127&Itemid=",
            "http://portal.mec.gov.br/index.php?option=com_docman&task=doc_download&gid=6172&Itemid=",
            "http://portal.mec.gov.br/index.php?option=com_docman&task=doc_download&gid=7692&Itemid=",
            "http://portal.mec.gov.br/index.php?option=com_docman&view=download&alias=58511-pces784-16-pdf&category_slug=fevereiro-2017-pdf&Itemid=30192",
            "http://portal.mec.gov.br/index.php?option=com_docman&view=download&alias=139201-pces1071-19&category_slug=dezembro-2019-pdf&Itemid=30192",
            "http://portal.mec.gov.br/index.php?option=com_docman&view=download&alias=236641-pces179-22&category_slug=fevereiro-2022-pdf&Itemid=30192"
        ]
    },
    {
        "grupo": "Publicidade",
        "curso": "Diretrizes Curriculares Nacionais do Curso de Graduação em Publicidade e Propaganda.",
        "resolucao": "Parecer CNE/CES nº 146/2020, aprovado em 29 de abril de 2020",
        "links": [
            "http://portal.mec.gov.br/index.php?option=com_docman&view=download&alias=146061-pces146-20&category_slug=maio-2020-pdf&Itemid=30192"
        ]
    },
    {
        "grupo": "Química",
        "curso": "Diretrizes Curriculares Nacionais para os Cursos de Química",
        "resolucao": "Parecer CNE/CES nº 1.303/2001, aprovado em 6 de novembro de 2001",
        "links": [
            "http://portal.mec.gov.br/cne/arquivos/pdf/CES1303.pdf",
            "http://portal.mec.gov.br/cne/arquivos/pdf/CES08-2002.pdf"
        ]
    },
    {
        "grupo": "Relações Internacionais",
        "curso": "Diretrizes Curriculares Nacionais do Curso de Graduação em Relações Internacionais.",
        "resolucao": "Parecer CNE/CES nº 243/2017, aprovado em 6 de junho de 2017",
        "links": [
            "http://portal.mec.gov.br/index.php?option=com_docman&view=download&alias=67951-pces243-17-pdf&category_slug=julho-2017-pdf&Itemid=30192",
            "http://portal.mec.gov.br/index.php?option=com_docman&view=download&alias=73651-rces004-17-pdf&category_slug=outubro-2017-pdf&Itemid=30192"
        ]
    },
    {
        "grupo": "Relações Públicas",
        "curso": "Diretrizes Curriculares Nacionais para o Curso de Graduação em Relações Públicas.",
        "resolucao": "Parecer CNE/CES nº 85/2013, aprovado em 14 de março de 2013",
        "links": [
            "http://portal.mec.gov.br/index.php?option=com_docman&task=doc_download&gid=13344&Itemid=",
            "http://portal.mec.gov.br/index.php?option=com_docman&task=doc_download&gid=14243&Itemid="
        ]
    },
    {
        "grupo": "Saúde Coletiva",
        "curso": "Diretrizes Curriculares Nacionais do Curso de Graduação em Saúde Coletiva.",
        "resolucao": "Parecer CNE/CES nº 242/2017, aprovado em 6 de junho de 2017",
        "links": [
            "http://portal.mec.gov.br/index.php?option=com_docman&view=download&alias=72431-pces242-17-pdf&category_slug=setembro-2017-pdf&Itemid=30192"
        ]
    },
    {
        "grupo": "Secretariado Executivo",
        "curso": "Diretrizes Curriculares Nacionais dos cursos de graduação em Direito, Ciências Econômicas, Administração, Ciências Contábeis, Turismo, Hotelaria, Secretariado Executivo, Música, Dança, Teatro e Design.",
        "resolucao": "Parecer CNE/CES nº 146/2002, aprovado em 3 de abril de 2002",
        "links": [
            "http://portal.mec.gov.br/index.php?option=com_docman&view=download&alias=139531-pces146-02&category_slug=fevereiro-2020-pdf&Itemid=30192",
            "http://portal.mec.gov.br/cne/arquivos/pdf/CES0102.pdf",
            "http://portal.mec.gov.br/cne/arquivos/pdf/rces003_05.pdf"
        ]
    },
    {
        "grupo": "Serviço Social",
        "curso": "Aprova as Diretrizes Curriculares Nacionais dos cursos de Arquivologia, Biblioteconomia, Ciências Sociais Antropologia, Ciência Política e Sociologia, Comunicação Social, Filosofia, Geografia, História, Letras, Museologia e Serviço Social.",
        "resolucao": "Parecer CNE/CES nº 492/2001, aprovado em 3 de abril de 2001",
        "links": [
            "http://portal.mec.gov.br/cne/arquivos/pdf/CES0492.pdf",
            "http://portal.mec.gov.br/cne/arquivos/pdf/2001/pces1363_01.pdf",
            "http://portal.mec.gov.br/cne/arquivos/pdf/CES152002.pdf"
        ]
    },
    {
        "grupo": "Sistemas de Informação",
        "curso": "Diretrizes Curriculares Nacionais para os cursos de graduação em Computação.",
        "resolucao": "Parecer CNE/CES nº 136/2012, aprovado em 8 de março de 2012",
        "links": [
            "http://portal.mec.gov.br/index.php?option=com_docman&task=doc_download&gid=11205&Itemid=",
            "http://portal.mec.gov.br/index.php?option=com_docman&view=download&alias=52101-rces005-16-pdf&category_slug=novembro-2016-pdf&Itemid=30192"
        ]
    },
    {
        "grupo": "Teatro",
        "curso": "Diretrizes Curriculares Nacionais dos cursos de graduação em Direito, Ciências Econômicas, Administração, Ciências Contábeis, Turismo, Hotelaria, Secretariado Executivo, Música, Dança, Teatro e Design.",
        "resolucao": "Parecer CNE/CES nº 146/2002, aprovado em 3 de abril de 2002",
        "links": [
            "http://portal.mec.gov.br/index.php?option=com_docman&view=download&alias=139531-pces146-02&category_slug=fevereiro-2020-pdf&Itemid=30192",
            "http://portal.mec.gov.br/cne/arquivos/pdf/CES_0195.pdf",
            "http://portal.mec.gov.br/cne/arquivos/pdf/CES04-04.pdf"
        ]
    },
    {
        "grupo": "Tecnológicos Cursos Superiores",
        "curso": "Orientações sobre os Cursos Superiores de Tecnologia Formação de Tecnólogo.",
        "resolucao": "Parecer CNE/CES nº 436/2001, aprovado em 2 de abril de 2001",
        "links": [
            "http://portal.mec.gov.br/cne/arquivos/pdf/CES0436.pdf",
            "http://portal.mec.gov.br/cne/arquivos/pdf/cp29.pdf",
            "http://portal.mec.gov.br/index.php?option=com_docman&view=download&alias=167941-rcp003-02&category_slug=janeiro-2021-pdf&Itemid=30192",
            "http://portal.mec.gov.br/cne/arquivos/pdf/pces277_06.pdf",
            "http://portal.mec.gov.br/cne/arquivos/pdf/2008/pces239_08.pdf",
            "http://portal.mec.gov.br/index.php?option=com_docman&view=download&alias=151591-pcp007-20&category_slug=julho-2020-pdf&Itemid=30192",
            "http://portal.mec.gov.br/index.php?option=com_docman&view=download&alias=158881-pces436-20&category_slug=setembro-2020-pdf&Itemid=30192",
            "http://portal.mec.gov.br/index.php?option=com_docman&view=download&alias=166341-pcp017-20&category_slug=novembro-2020-pdf&Itemid=30192",
            "http://portal.mec.gov.br/index.php?option=com_docman&view=download&alias=167931-rcp001-21&category_slug=janeiro-2021-pdf&Itemid=30192",
            "http://portal.mec.gov.br/index.php?option=com_docman&view=download&alias=216571-pces497-21&category_slug=outubro-2021-pdf&Itemid=30192",
            "http://portal.mec.gov.br/index.php?option=com_docman&view=download&alias=233701-pcp015-21&category_slug=dezembro-2021-pdf&Itemid=30192",
            "http://portal.mec.gov.br/index.php?option=com_docman&view=download&alias=233291-pces709-21&category_slug=dezembro-2021-pdf&Itemid=30192",
            "http://portal.mec.gov.br/index.php?option=com_docman&view=download&alias=236781-rcp001-22&category_slug=maio-2022-pdf&Itemid=30192"
        ]
    },
    {
        "grupo": "Teologia",
        "curso": "Diretrizes Curriculares Nacionais para o curso de graduação em Teologia.",
        "resolucao": "Parecer CNE/CES nº 60/2014, aprovado em 12 de março de 2014",
        "links": [
            "http://portal.mec.gov.br/index.php?option=com_docman&task=doc_download&gid=16071&Itemid=",
            "http://portal.mec.gov.br/index.php?option=com_docman&view=download&alias=48421-rces004-16-pdf&category_slug=setembro-2016-pdf&Itemid=30192"
        ]
    },
    {
        "grupo": "Terapia Ocupacional",
        "curso": "Diretrizes Curriculares Nacionais dos Cursos de Graduação em Fisioterapia, Fonoaudiologia e Terapia Ocupacional.",
        "resolucao": "Parecer CNE/CES nº 1.210/2001, aprovado em 12 de setembro de 2001",
        "links": [
            "http://portal.mec.gov.br/cne/arquivos/pdf/pces1210_01.pdf",
            "http://portal.mec.gov.br/cne/arquivos/pdf/CES062002.pdf"
        ]
    },
    {
        "grupo": "Turismo",
        "curso": "Diretrizes Curriculares Nacionais dos cursos de graduação em Direito, Ciências Econômicas, Administração, Ciências Contábeis, Turismo, Hotelaria, Secretariado Executivo, Música, Dança, Teatro e Design.",
        "resolucao": "Parecer CNE/CES nº 146/2002, aprovado em 3 de abril de 2002",
        "links": [
            "http://portal.mec.gov.br/index.php?option=com_docman&view=download&alias=139531-pces146-02&category_slug=fevereiro-2020-pdf&Itemid=30192",
            "http://portal.mec.gov.br/cne/arquivos/pdf/CES_0288.pdf",
            "http://portal.mec.gov.br/cne/arquivos/pdf/rces13_06.pdf"
        ]
    },
    {
        "grupo": "Zootecnia",
        "curso": "Aprova as Diretrizes Curriculares Nacionais para Cursos de Zootecnia.",
        "resolucao": "Parecer CNE/CES nº 337/2004, aprovado em 11 de novembro de 2004",
        "links": [
            "http://portal.mec.gov.br/cne/arquivos/pdf/2004/pces337_04.pdf",
            "http://portal.mec.gov.br/cne/arquivos/pdf/rces04_06.pdf"
        ]
    }
]